idcode,nickisol
FWF7ATdYOQib4uWlB4CzmrZou7B_IrWx6Uzql3gOeq_pC8SSxEgaN9tVdD3vH2rT,10 CIRCL K-NADRO NOSARCO
FWF7ATdYOQib4uWlB4CzmrZou7B_IrWx6Uzql3gOeq_RBO8QtZc6Ct771VH97uEE,11 EXTRA-ORO Y MONTERREY
FWF7ATdYOQib4uWlB4CzmrZou7B_IrWx6Uzql3gOeq9-L50WZw8HJEW5Y9OkKXs3,12 CIRCLE K-PLUTARCO E C
FWF7ATdYOQib4uWlB4CzmrZou7B_IrWx6Uzql3gOeq9wHy8Gj7-qtBaonqSND9u7,14 K-NUEVO LEON CONDESA
FWF7ATdYOQib4uWlB4CzmrZou7B_IrWx6Uzql3gOeq_7uyo2U__CuqqI5OCmJsZu,16 CICLE K-PETEN
FWF7ATdYOQib4uWlB4CzmrZou7B_IrWx6Uzql3gOeq_To2xXqH_HTXHbiYTOxlZo,17 K-CONCEPCION BEISTEGU
FWF7ATdYOQib4uWlB4CzmrZou7B_IrWx6Uzql3gOeq-oEOXAsfn7lqzTecsQTb79,18 CIRCLE K-TESORO
FWF7ATdYOQib4uWlB4CzmrZou7B_IrWx6Uzql3gOeq9UYLU7E2YG0g3K9tfSlRAu,1850
Bmj_p2VaYGsy-6K9WJLU53TNoq4a0SZwIpOJEODGfK59SFtf5xLumS9WHFdw7ajk,19 K-NADRO MIRAMONTES
Bmj_p2VaYGsy-6K9WJLU53TNoq4a0SZwIpOJEODGfK4HwUJJo79MWovOKkTKE1sD,2 CIRCLE K-COQUIMBO
Bmj_p2VaYGsy-6K9WJLU53TNoq4a0SZwIpOJEODGfK6-zMkG6gQ5LIoYtEFFQ0XB,21 CIRCL K-GAS DEL VALLE
Bmj_p2VaYGsy-6K9WJLU53TNoq4a0SZwIpOJEODGfK4cx115FfO20RkrqC-DBJ1r,22 CIRCLE K - AMPM
Bmj_p2VaYGsy-6K9WJLU53TNoq4a0SZwIpOJEODGfK7XQrPQJQrM0h5XpptlbprU,24 CIRCLE K-SANTA FE
Bmj_p2VaYGsy-6K9WJLU53TNoq4a0SZwIpOJEODGfK7mqaEVoVj5PSfcc6tF3a2d,3 CIRCLE K-HELIOPOLIS
Bmj_p2VaYGsy-6K9WJLU53TNoq4a0SZwIpOJEODGfK4Lz29Of5prP5pzafXvHrio,4 Circle K-Jardin
Bmj_p2VaYGsy-6K9WJLU53TNoq4a0SZwIpOJEODGfK4fpl6tDvnSaKEnyIahTx_1,6 CIRCLE K EMILIO CASTEL
Bmj_p2VaYGsy-6K9WJLU53TNoq4a0SZwIpOJEODGfK7nifEhvDICT2Zq0aeZxpVb,9 EXTRA-GAS SAN COSME
Bmj_p2VaYGsy-6K9WJLU53TNoq4a0SZwIpOJEODGfK4FWJgcBMo8hTjRaWf-KrvV,Abarrotes el inspector Prueba
Bmj_p2VaYGsy-6K9WJLU53TNoq4a0SZwIpOJEODGfK50BbShNLg3n92KVTWpeqjk,Abarrotes JJ/Sergio
Bmj_p2VaYGsy-6K9WJLU53TNoq4a0SZwIpOJEODGfK5xtLXPzmA-2dlu0VFqxCa8,ABRAHAM ASKENAZI
Bmj_p2VaYGsy-6K9WJLU53TNoq4a0SZwIpOJEODGfK6axtMjeKAiJm8wvKA5cPDP,ABRAHAM SAADE DAYAN
Bmj_p2VaYGsy-6K9WJLU53TNoq4a0SZwIpOJEODGfK7tWIfTMO96tVtaJJfg3SBZ,Acamayas
Bmj_p2VaYGsy-6K9WJLU53TNoq4a0SZwIpOJEODGfK5d5NCEQBPHCShP_buSxqjV,Adolfo Elicea Piza
Bmj_p2VaYGsy-6K9WJLU53TNoq4a0SZwIpOJEODGfK5_pSSZzGTNu6I2VjuleW_v,Aeropuerto de Santa Lucía
Bmj_p2VaYGsy-6K9WJLU53TNoq4a0SZwIpOJEODGfK6kSH4VPL9axtRdzEXgT6Wg,AEROPUERTO DE STA LUCIA 1.1M
Bmj_p2VaYGsy-6K9WJLU53TNoq4a0SZwIpOJEODGfK5RJuUJV949exM8tspeqsIy,AEROPUERTO TULUM
Bmj_p2VaYGsy-6K9WJLU53TNoq4a0SZwIpOJEODGfK7V-eXTZJzsPxBPHFspY26X,AGROFOTOVOLTAICO
Bmj_p2VaYGsy-6K9WJLU53TNoq4a0SZwIpOJEODGfK5456hwdSaHFQxjJBS1jKqZ,AGROFOTOVOLTAICO II
Bmj_p2VaYGsy-6K9WJLU53TNoq4a0SZwIpOJEODGfK5EOFmOT6eY98NBQj7cZMT_,Alejo Peralta
Bmj_p2VaYGsy-6K9WJLU53TNoq4a0SZwIpOJEODGfK7Oh8kYQGS9by2we8Xq5A_u,ALEXANDRA CAMPOS (CARLOS)
Bmj_p2VaYGsy-6K9WJLU53TNoq4a0SZwIpOJEODGfK59xDTUnExUIacMUFj9XQPZ,Alfonso Rodriguez C93
Bmj_p2VaYGsy-6K9WJLU53TNoq4a0SZwIpOJEODGfK51iwpLLvcJ3ql5J4R_Sd5k,ALICIA GALVAN JIMENEZ
Bmj_p2VaYGsy-6K9WJLU53TNoq4a0SZwIpOJEODGfK7pv95EgUO97cXxpuYQYv14,Alicia S. Ocaranza
Bmj_p2VaYGsy-6K9WJLU53TNoq4a0SZwIpOJEODGfK7gORLFHPk60fHTScpL1_sU,Almacenamiento de Energia Zona Norte
Bmj_p2VaYGsy-6K9WJLU53TNoq4a0SZwIpOJEODGfK5RbZ9IPCtR3lyKLCOtoAaY,Almacenamiento de Energia Zona Sur
Bmj_p2VaYGsy-6K9WJLU53TNoq4a0SZwIpOJEODGfK6q6Ts8uc1sTBPjLCmoExzD,Almirante Bringas
Bmj_p2VaYGsy-6K9WJLU53TNoq4a0SZwIpOJEODGfK5Iq4raStcJnrDuvariMhRC,ALUMBRADO PUBLICO OFICINA FISCAL
Bmj_p2VaYGsy-6K9WJLU53TNoq4a0SZwIpOJEODGfK7wyF1wFZQ21JrLrfEEeGoB,ALUMBRADO PUBLICO PLAZA AGUILA
Bmj_p2VaYGsy-6K9WJLU53TNoq4a0SZwIpOJEODGfK4jtrOKseaBsxbVldGQn5z5,ALUMBRADO PUBLICO PLAZA BICENTENARIO
Bmj_p2VaYGsy-6K9WJLU53TNoq4a0SZwIpOJEODGfK6lIZ-ecwqEqHmbn4UZ-OVX,ALUMBRADO PUBLICO PLAZA PEATONAL
Bmj_p2VaYGsy-6K9WJLU53TNoq4a0SZwIpOJEODGfK5v3QZ2PbC0FIPnm5KKjXZ1,ALUMBRADO PUBLICO REGISTRO CIVIL
Bmj_p2VaYGsy-6K9WJLU53TNoq4a0SZwIpOJEODGfK76RreRuAAayVn1mVD6hvI5,ALUMBRADO RECINTO FERIAL
Bmj_p2VaYGsy-6K9WJLU53TNoq4a0SZwIpOJEODGfK4Bp4L7xzpC0Tsj2Rj64HHH,Ana Bertha Cienfuegos
Bmj_p2VaYGsy-6K9WJLU53TNoq4a0SZwIpOJEODGfK41jB8jT7mfmK149XYCfvOu,Ana Bertha/Moises Melo
Bmj_p2VaYGsy-6K9WJLU53TNoq4a0SZwIpOJEODGfK5KKTVGNkOssMlnDt5-JTZo,Ana Cecilia Cairo
Bmj_p2VaYGsy-6K9WJLU53TNoq4a0SZwIpOJEODGfK43h9ZEQ2ZQhrcyECttXgvf,Andre (Gabriela Lara)
Bmj_p2VaYGsy-6K9WJLU53TNoq4a0SZwIpOJEODGfK6MYYGIZ1zlq6oNLLOo_DNy,Andres Imre Chao Ebergenyi
Bmj_p2VaYGsy-6K9WJLU53TNoq4a0SZwIpOJEODGfK7TX-i4IUFe9LWiTz4Nwr1t,Angel Gutierrez
Bmj_p2VaYGsy-6K9WJLU53TNoq4a0SZwIpOJEODGfK4JUg2hCA4BtCVTfKwHGkVN,Angelica Padilla
Bmj_p2VaYGsy-6K9WJLU53TNoq4a0SZwIpOJEODGfK75U1tdKjsV9vY20q68lCHs,Antonio / DIMASI
Bmj_p2VaYGsy-6K9WJLU53TNoq4a0SZwIpOJEODGfK7YEWks4y1uPahs1yvmJimw,Antonio Gonzaga
Bmj_p2VaYGsy-6K9WJLU53TNoq4a0SZwIpOJEODGfK4Cph84PYUS6MQjdFPEVU9o,Antonio Najera/Luz angelica/Dimasi
Bmj_p2VaYGsy-6K9WJLU53TNoq4a0SZwIpOJEODGfK6DlWKpCVv6PnlW5YtLss5I,API ACCESO PEATONAL
Bmj_p2VaYGsy-6K9WJLU53TNoq4a0SZwIpOJEODGfK7VIconDLbfG_QNvvjjN11N,API ARCHIVO MUERTO
Bmj_p2VaYGsy-6K9WJLU53TNoq4a0SZwIpOJEODGfK7_j8KIBO2OyowRnzQiPmqu,API AREA DE MUELLES
Bmj_p2VaYGsy-6K9WJLU53TNoq4a0SZwIpOJEODGfK7M7Ylgmxii-1bjnq_2JAWe,API BOMBEROS
Bmj_p2VaYGsy-6K9WJLU53TNoq4a0SZwIpOJEODGfK5rbEY14Xe39BsPkLjt5ylC,API CABOTAJE
Bmj_p2VaYGsy-6K9WJLU53TNoq4a0SZwIpOJEODGfK61E2yrZh8X3XM6TaHov8KE,API CAMPO DE FUTBOL
Bmj_p2VaYGsy-6K9WJLU53TNoq4a0SZwIpOJEODGfK4X1cFOMn7T0k8KzXW0z4t2,API CISTERNA 2
Bmj_p2VaYGsy-6K9WJLU53TNoq4a0SZwIpOJEODGfK4dzKR4Fa_HzgzuqajYIvzW,API OFICINAS
Bmj_p2VaYGsy-6K9WJLU53TNoq4a0SZwIpOJEODGfK4qUzUyMALp8jgjAvF9-HYl,API POLICIA FISCAL
Bmj_p2VaYGsy-6K9WJLU53TNoq4a0SZwIpOJEODGfK5PHj86mtL48Q8rYAzsmZwS,API PORTADA NORTE
Bmj_p2VaYGsy-6K9WJLU53TNoq4a0SZwIpOJEODGfK6d-Ll07ZTBgDSN1Fe3dQ1Q,API SUBESTACION PRINCIPAL
Bmj_p2VaYGsy-6K9WJLU53TNoq4a0SZwIpOJEODGfK6tGnenaWFQPbUJ0ws3Ji9S,API VIALIDADES
Bmj_p2VaYGsy-6K9WJLU53TNoq4a0SZwIpOJEODGfK4o1g87v_R7Fk0W6E8NmVx1,ARACELI EDID
Bmj_p2VaYGsy-6K9WJLU53TNoq4a0SZwIpOJEODGfK5SA5mN27QG2DapzG8gpyyM,Aragon Prueba
Bmj_p2VaYGsy-6K9WJLU53TNoq4a0SZwIpOJEODGfK6mIq5anECKVFOQCdhtv1Gs,Aram Zamora
Bmj_p2VaYGsy-6K9WJLU53TNoq4a0SZwIpOJEODGfK4q6O__md-X9rbav_zJ71Kc,ARCHIVO HISTORICO
Bmj_p2VaYGsy-6K9WJLU53TNoq4a0SZwIpOJEODGfK51EBIlqSBS-0UwNS5NGt6R,ARMANDO ROSALES RUBI
Bmj_p2VaYGsy-6K9WJLU53TNoq4a0SZwIpOJEODGfK5A3mnHgcrwcMZFCHLq5YS4,Artefactos 22
Bmj_p2VaYGsy-6K9WJLU53TNoq4a0SZwIpOJEODGfK72sH89jzV1w_0eSLfq_e3d,Artefactos metalicos 
Bmj_p2VaYGsy-6K9WJLU53TNoq4a0SZwIpOJEODGfK4jCJQUwu9Dabab9k1KYngm,AURELIO GUTIERR CEDA
Bmj_p2VaYGsy-6K9WJLU53TNoq4a0SZwIpOJEODGfK7nh6TYQeXEW1nhLnFIRqF3,Avicola Kolibri 162 MFV
Bmj_p2VaYGsy-6K9WJLU53TNoq4a0SZwIpOJEODGfK5WtOwM_SkqBVdEY8f9ZiWv,Avicola Kolibri 41 MFV
Bmj_p2VaYGsy-6K9WJLU53TNoq4a0SZwIpOJEODGfK7iQmp-S9fnAsenqbBFB2Jy,Avicola Kolibri 650 MFV
Bmj_p2VaYGsy-6K9WJLU53TNoq4a0SZwIpOJEODGfK4QSHSNKYSNHKwBoiyJP85J,Avicola Kolibri 72 MFV
Bmj_p2VaYGsy-6K9WJLU53TNoq4a0SZwIpOJEODGfK4IfPe3MMtmbhRW6uhxjcwf,Azucarera de Sahuayo S.A. de C.V.
Bmj_p2VaYGsy-6K9WJLU53TNoq4a0SZwIpOJEODGfK4sisJrARWS1zIevnVHxgni,Bacaria
Bmj_p2VaYGsy-6K9WJLU53TNoq4a0SZwIpOJEODGfK6eh0KhRFONuV8XGZw9zK7P,"BAUR INTERNATIONAL, S.C"
Bmj_p2VaYGsy-6K9WJLU53TNoq4a0SZwIpOJEODGfK5Wm8GjoCFC4il5cXQcTQtm,Bernardo Huerta
Bmj_p2VaYGsy-6K9WJLU53TNoq4a0SZwIpOJEODGfK434JwQu4Oq62QppmIaokd0,Bernardo Huerta acapulco-250
Bmj_p2VaYGsy-6K9WJLU53TNoq4a0SZwIpOJEODGfK6maFcGhwB1i7xkq90gNjYF,BESS Norte
Bmj_p2VaYGsy-6K9WJLU53TNoq4a0SZwIpOJEODGfK49Opl7UubuRx8s4w2hWInt,BOMBA DE CALOR
Bmj_p2VaYGsy-6K9WJLU53TNoq4a0SZwIpOJEODGfK5TejrbEfaDKjzNw1ICNQ9o,Bonifacio Valdez S13
Bmj_p2VaYGsy-6K9WJLU53TNoq4a0SZwIpOJEODGfK5ity4nSx8lt1yO0KFQQPYn,British
Bmj_p2VaYGsy-6K9WJLU53TNoq4a0SZwIpOJEODGfK6cMWUNwjMUWfS6Xm2K7_yX,C. Peralta
Bmj_p2VaYGsy-6K9WJLU53TNoq4a0SZwIpOJEODGfK5WTLxTgJMm-ytkTzKuJDgI,Cargador de Baterias
Bmj_p2VaYGsy-6K9WJLU53TNoq4a0SZwIpOJEODGfK6djOAp2OWbvS_u9KUkwzum,Carlos  Shapiro Kudler
Bmj_p2VaYGsy-6K9WJLU53TNoq4a0SZwIpOJEODGfK5frflraRCl5wgclSqUqrmp,CARLOS ENRIQUE ABREGO
Bmj_p2VaYGsy-6K9WJLU53TNoq4a0SZwIpOJEODGfK7pUzBZiNu4B51V6gZiz_oO,CARLOS GERARDO PERALTA/CAPITAL
Bmj_p2VaYGsy-6K9WJLU53TNoq4a0SZwIpOJEODGfK6L4W5qYz7u6FNwauBNIY42,Carlos Mario Guerrero Gonzales/Pilar/Socorro Rubio
Bmj_p2VaYGsy-6K9WJLU53TNoq4a0SZwIpOJEODGfK4AE9n-SpCOfpVD3WK4hNYU,Carlos Peralta Quintero Huatulco
Bmj_p2VaYGsy-6K9WJLU53TNoq4a0SZwIpOJEODGfK5Pp1ihGzxpg0fl1jzKQex_,Carlos Peralta Reforma
Bmj_p2VaYGsy-6K9WJLU53TNoq4a0SZwIpOJEODGfK66P5iaQ-u3GtgSueRndg3G,Carlos Rafael Canale/Haro/Pombo
Bmj_p2VaYGsy-6K9WJLU53TNoq4a0SZwIpOJEODGfK70G6oil9NFDmGfxvCjHnHd,Carlos salinas 32 paneles 81I97S FD2J 18MX
Bmj_p2VaYGsy-6K9WJLU53TNoq4a0SZwIpOJEODGfK58SvEBFOZZyXnBPfIyGKGI,"Carmen Fajer (16-540, 4-620)"
Bmj_p2VaYGsy-6K9WJLU53TNoq4a0SZwIpOJEODGfK4ZAfmdwHdKwGctNcu2ZFNs,CAROL BAUR 5TA SECC
Bmj_p2VaYGsy-6K9WJLU53TNoq4a0SZwIpOJEODGfK6fBwPcLg4z3VaJqGwAtq13,Carol Baur Juriquilla
Bmj_p2VaYGsy-6K9WJLU53TNoq4a0SZwIpOJEODGfK45DxFcHPp5Rx_sGr2bnhnV,Carolina Quintana
Bmj_p2VaYGsy-6K9WJLU53TNoq4a0SZwIpOJEODGfK6ZupGkPdhoTMhW-26V7usz,Casa Alianza 84-250w
Bmj_p2VaYGsy-6K9WJLU53TNoq4a0SZwIpOJEODGfK5_Kon1CgHiZtlF69cEMSTY,Casa CPQ CFE
Bmj_p2VaYGsy-6K9WJLU53TNoq4a0SZwIpOJEODGfK5YnTQkBpnS9PmQUDWGben_,Casa JCP CFE
Bmj_p2VaYGsy-6K9WJLU53TNoq4a0SZwIpOJEODGfK51Z2QUy70yT8gfkT5Je_If,CATVI CALAKMUL
Bmj_p2VaYGsy-6K9WJLU53TNoq4a0SZwIpOJEODGfK4XyHoYCvTHb4jGI7wOM0m0,CDPT
Bmj_p2VaYGsy-6K9WJLU53TNoq4a0SZwIpOJEODGfK52hoEgJC-hvk2NA7YZTlmD,Cecilia Mestre
Bmj_p2VaYGsy-6K9WJLU53TNoq4a0SZwIpOJEODGfK5XylazX4Mut0n7swcIZH_Z,CEDIS HERMOSILLO
Bmj_p2VaYGsy-6K9WJLU53TNoq4a0SZwIpOJEODGfK7d6CtH9pRDwEtyzTu4Ea3V,CEDIS PUEBLA 
Bmj_p2VaYGsy-6K9WJLU53TNoq4a0SZwIpOJEODGfK4fSfdTNFdSO7kplGJAitbX,CEMEFI
Bmj_p2VaYGsy-6K9WJLU53TNoq4a0SZwIpOJEODGfK7Mq2QMEK47hBlsSrZEYVDY,CENTRO DE CONVENCIONES POLYFORUM
Bmj_p2VaYGsy-6K9WJLU53TNoq4a0SZwIpOJEODGfK4Cza9KjVbdgtooUz8JUO1d,CESAR RUIZ ALMIRANTE 12 de 545W
Bmj_p2VaYGsy-6K9WJLU53TNoq4a0SZwIpOJEODGfK7wOqZyoC2-u_9E_Upc0T5E,César Ruíz Huixquilucan
Bmj_p2VaYGsy-6K9WJLU53TNoq4a0SZwIpOJEODGfK651cbKbvOUNXUd7ANIcraT,Chico Pardo
Bmj_p2VaYGsy-6K9WJLU53TNoq4a0SZwIpOJEODGfK4Q9DxCJVXJcN0Wwj2nDZPU,Christiane Fernandez Teroune
Bmj_p2VaYGsy-6K9WJLU53TNoq4a0SZwIpOJEODGfK6QbDgeat41zWO5g6f9xA6z,Christopher Javier
Bmj_p2VaYGsy-6K9WJLU53TNoq4a0SZwIpOJEODGfK4z62auK1flnx9DFsPWVQld,CHROMALOX
Bmj_p2VaYGsy-6K9WJLU53TNoq4a0SZwIpOJEODGfK71kY3QWz4Njn4WipGphsxX,CHROMALOX NAVE 2
Bmj_p2VaYGsy-6K9WJLU53TNoq4a0SZwIpOJEODGfK6V0GEAlUN4VqYcmF14tlgZ,Cinvestav IPN
Bmj_p2VaYGsy-6K9WJLU53TNoq4a0SZwIpOJEODGfK4KH2jD9aD4TTMM9Ras8xwb,Claudia Ruiz CDMX
Bmj_p2VaYGsy-6K9WJLU53TNoq4a0SZwIpOJEODGfK5a_m0cXcbInN-v2NSJWznB,Claudia Ruiz Valle B
Bmj_p2VaYGsy-6K9WJLU53TNoq4a0SZwIpOJEODGfK7Ox077OOZX4WuxKWp9NUmi,Clemencia Pizzuto Del Moral
Bmj_p2VaYGsy-6K9WJLU53TNoq4a0SZwIpOJEODGfK7wXfKjsoHp01IJG49xAuH5,Clínica Servimed
Bmj_p2VaYGsy-6K9WJLU53TNoq4a0SZwIpOJEODGfK5sJmMmIO_Ip3xf2XywEBk_,Cogeneración 1
Bmj_p2VaYGsy-6K9WJLU53TNoq4a0SZwIpOJEODGfK6vIC4ckTaUKkfv5bX6vY1R,Cogeneracion 2
Bmj_p2VaYGsy-6K9WJLU53TNoq4a0SZwIpOJEODGfK4T8JTfmlkOHkhjYJhQZOtP,Colegio Bosque Real
Bmj_p2VaYGsy-6K9WJLU53TNoq4a0SZwIpOJEODGfK7osj4tWoEXFS4JPqnyvQkS,COMERCIAL URANIA S.A. DE C.V.
Bmj_p2VaYGsy-6K9WJLU53TNoq4a0SZwIpOJEODGfK4nK8THrNMqqKyD3JXHbFZv,Comercializadora la favorita
Bmj_p2VaYGsy-6K9WJLU53TNoq4a0SZwIpOJEODGfK5ide8-lwx_fa_B3l8xH2ir,CONGRESO
Bmj_p2VaYGsy-6K9WJLU53TNoq4a0SZwIpOJEODGfK5EXj87KwOuAbxHv_X_PU-c,Consultoría Legal de Energía
Bmj_p2VaYGsy-6K9WJLU53TNoq4a0SZwIpOJEODGfK6LcClSezIXiljy0LdS3qes,Consultorio Javier
Bmj_p2VaYGsy-6K9WJLU53TNoq4a0SZwIpOJEODGfK6xBSBf2WheBWSvGAGB_ah6,corporativo bebo
Bmj_p2VaYGsy-6K9WJLU53TNoq4a0SZwIpOJEODGfK69ZRuCmIyuC4IrO-8mOi7b,Cremeria 2000
Bmj_p2VaYGsy-6K9WJLU53TNoq4a0SZwIpOJEODGfK6b4ldQfTF1xuyuRs3-8zHN,Cruces Tabasco
Bmj_p2VaYGsy-6K9WJLU53TNoq4a0SZwIpOJEODGfK4k9L976KZpwAz2rsqOeh1A,CTRO. INFANTIL MARIA TERESA
Bmj_p2VaYGsy-6K9WJLU53TNoq4a0SZwIpOJEODGfK5EoGRkuz0t-REvOS9vMhOl,Daniel A Bonilla
Bmj_p2VaYGsy-6K9WJLU53TNoq4a0SZwIpOJEODGfK5Ls5cQRhw4gOxIAIVMc0Mm,Daniel Arredondo
Bmj_p2VaYGsy-6K9WJLU53TNoq4a0SZwIpOJEODGfK77WYcevvHky7H3B1KY9Jgp,daniel lopez
Bmj_p2VaYGsy-6K9WJLU53TNoq4a0SZwIpOJEODGfK6JqcWdKoGYQrErmaBvb3Z_,David Benavidez/ Ingenieria
Bmj_p2VaYGsy-6K9WJLU53TNoq4a0SZwIpOJEODGfK4obNf-el1XIcMkVSYJ1xwO,David Ortega Ruiz
Bmj_p2VaYGsy-6K9WJLU53TNoq4a0SZwIpOJEODGfK5CLFVWjlOQUXydX6x9yZ1-,DAVID TAME 
Bmj_p2VaYGsy-6K9WJLU53TNoq4a0SZwIpOJEODGfK4r-Foxsj3l7j7F3yeKszV1,Desarrolladores DPCH P-128
Bmj_p2VaYGsy-6K9WJLU53TNoq4a0SZwIpOJEODGfK7zLWn67zI2UuS5WO_k7Crn,Dinámica en equipo industrial
Bmj_p2VaYGsy-6K9WJLU53TNoq4a0SZwIpOJEODGfK7HYLNqjWoSrgrBqheUKtPq,Domo corporativo
Bmj_p2VaYGsy-6K9WJLU53TNoq4a0SZwIpOJEODGfK67qKtiuMx2_ppnqzv7nfqk,DR. MARCO ANTONIO
Bmj_p2VaYGsy-6K9WJLU53TNoq4a0SZwIpOJEODGfK71BzNwFvX5UZ363LK3MRlQ,Drinks Depot 92
Bmj_p2VaYGsy-6K9WJLU53TNoq4a0SZwIpOJEODGfK5XPajDUJ2XJl-gJryAK16b,Dulceria Toñito Alavez Mejia 400W
Bmj_p2VaYGsy-6K9WJLU53TNoq4a0SZwIpOJEODGfK6xCeNBcP5Uy8cX_Q4TbQ9g,EDGAR TAMS CUERNAVACA
Bmj_p2VaYGsy-6K9WJLU53TNoq4a0SZwIpOJEODGfK5m3GgXjvGokurjcz4KsEY4,Eduardo Mustri
Bmj_p2VaYGsy-6K9WJLU53TNoq4a0SZwIpOJEODGfK4NbZpDFRa9psYHZW9PVwNK,Electrotecnica Berlin
Bmj_p2VaYGsy-6K9WJLU53TNoq4a0SZwIpOJEODGfK7vcdGQSszNv9zC8RQ8BZG4,ELENA MUZA
Bmj_p2VaYGsy-6K9WJLU53TNoq4a0SZwIpOJEODGfK6MWlFf0h5oqpojB4rM2--w,ELENA REAL SALINAS
Bmj_p2VaYGsy-6K9WJLU53TNoq4a0SZwIpOJEODGfK6Pw_pP56RIaiGTzUqsmo9j,Elena Tovar/Rueda Villalpando
Bmj_p2VaYGsy-6K9WJLU53TNoq4a0SZwIpOJEODGfK6TPJOaoCPA2pBiBRnOwfAB,Elizabeth Guadarrama
Bmj_p2VaYGsy-6K9WJLU53TNoq4a0SZwIpOJEODGfK5IlTzY3LpXKjujtUiYD3-i,Emilia Stivalet Hernandez
Bmj_p2VaYGsy-6K9WJLU53TNoq4a0SZwIpOJEODGfK4L_EaI0a6Rx4eMtbWfL5_n,Enrique Juárez (BERMAC CENTRO SA DE CV) 
Bmj_p2VaYGsy-6K9WJLU53TNoq4a0SZwIpOJEODGfK7WRL-ru1XQpy54wLGSR33p,Enrique Martinez
Bmj_p2VaYGsy-6K9WJLU53TNoq4a0SZwIpOJEODGfK7Z3YOsbZgMOpE5wsYxrkmB,ENRIQUE PATIÑO
Bmj_p2VaYGsy-6K9WJLU53TNoq4a0SZwIpOJEODGfK6LgXUaD4QxtVZXiYUGONVY,Ernesto Torres Herrera
Bmj_p2VaYGsy-6K9WJLU53TNoq4a0SZwIpOJEODGfK7ZASllLJ3994LJBsQPgnWj,Escuela Naval Militar
Bmj_p2VaYGsy-6K9WJLU53TNoq4a0SZwIpOJEODGfK6qAob1qeaQ9TGcu1vaYIGY,ESTACION DE TRANSFERENCIA
Bmj_p2VaYGsy-6K9WJLU53TNoq4a0SZwIpOJEODGfK6kmKVqZVrXkBq4H6AEm_yU,Estacionamiento Corporativo
Bmj_p2VaYGsy-6K9WJLU53TNoq4a0SZwIpOJEODGfK7p-uIZYEYR6Rnub6odOuRd,Esteban Cea 10-545W
Bmj_p2VaYGsy-6K9WJLU53TNoq4a0SZwIpOJEODGfK4UTGsb_M3PMjym-pLwdlmM,Eva Contreras/El Refrescante
Bmj_p2VaYGsy-6K9WJLU53TNoq4a0SZwIpOJEODGfK6vB2sas2owLRN4OKzlZ-17,Ezequiel Cedillo Laura
Bmj_p2VaYGsy-6K9WJLU53TNoq4a0SZwIpOJEODGfK7m6X4DRwBd5WhF_4oMePoc,Fabrica de Hielo Jose Ale
Bmj_p2VaYGsy-6K9WJLU53TNoq4a0SZwIpOJEODGfK7lRxj-BmjMNnJCu87F5Jkp,FEMEXFUT
Bmj_p2VaYGsy-6K9WJLU53TNoq4a0SZwIpOJEODGfK7g8zhXl6Xqxzcq3YNJizTd,Fernando Heriberto
Bmj_p2VaYGsy-6K9WJLU53TNoq4a0SZwIpOJEODGfK4n-qfOl0NwP-25FOPoXGSn,Fernando Martínez
Bmj_p2VaYGsy-6K9WJLU53TNoq4a0SZwIpOJEODGfK4d8b40z56F04GfqXk9BvID,FERREPEGA S.A. DE C.V.
Bmj_p2VaYGsy-6K9WJLU53TNoq4a0SZwIpOJEODGfK4FyWSqG7F7lp1uh2v_iWzO,FRACCIONADORA Y CONSTRUCTORA MEXICANA
Bmj_p2VaYGsy-6K9WJLU53TNoq4a0SZwIpOJEODGfK4PRDN96geaZDq7ROy3PfU3,Fragoso CASA
Bmj_p2VaYGsy-6K9WJLU53TNoq4a0SZwIpOJEODGfK7fm_gH_wM-Y3DOtR3JXHoV,FRAGOSO P-118
Bmj_p2VaYGsy-6K9WJLU53TNoq4a0SZwIpOJEODGfK6xA7e_gP19rwNRqvd9XmK8,FRAHUER P-116
Bmj_p2VaYGsy-6K9WJLU53TNoq4a0SZwIpOJEODGfK5bouKOXLewoz5sHY89wrMC,Francisca/Javier V78
Bmj_p2VaYGsy-6K9WJLU53TNoq4a0SZwIpOJEODGfK5rkkJPHwUBYR9278mSEomI,Francisco Rogerio
Bmj_p2VaYGsy-6K9WJLU53TNoq4a0SZwIpOJEODGfK5uL6o8CFX1xqtLkppcz63r,Gamaliel Guzman Suarez
Bmj_p2VaYGsy-6K9WJLU53TNoq4a0SZwIpOJEODGfK7txuFFKkuY7HpxCLb6gKJC,Gas Natural
Bmj_p2VaYGsy-6K9WJLU53TNoq4a0SZwIpOJEODGfK4WdZtHfV0h0bOIRyqGsjGA,GASOLINERA ARENAS
Bmj_p2VaYGsy-6K9WJLU53TNoq4a0SZwIpOJEODGfK5H6ltzneX_2LWGLlOurFyW,General Covarrubias
Bmj_p2VaYGsy-6K9WJLU53TNoq4a0SZwIpOJEODGfK4aNiIbNquxWFrEYpTpU3OY,General leana 
Bmj_p2VaYGsy-6K9WJLU53TNoq4a0SZwIpOJEODGfK4Aljn3djCA9z96HKkLRzhy,Gerardo Del Rey López
Bmj_p2VaYGsy-6K9WJLU53TNoq4a0SZwIpOJEODGfK7ZL0IX9JZQJ3BLs6JCp9av,GERSA MUEBLES PARA BAÑO 550W
Bmj_p2VaYGsy-6K9WJLU53TNoq4a0SZwIpOJEODGfK7ej1fy12DPtC8ZdYU-HuAM,Gilberto Ortega/Gabriela
Bmj_p2VaYGsy-6K9WJLU53TNoq4a0SZwIpOJEODGfK7NgHlR_ietHte7uC1HhqQK,Granja Luis Muñiz
Bmj_p2VaYGsy-6K9WJLU53TNoq4a0SZwIpOJEODGfK4AB6m16Zzqib64dPge7ALc,Gregorio Camacho
Bmj_p2VaYGsy-6K9WJLU53TNoq4a0SZwIpOJEODGfK4YnU-Yw8YXWP1-zWc_Um54,GRUPO COMERCIAL EXCELSIOR S.A.
Bmj_p2VaYGsy-6K9WJLU53TNoq4a0SZwIpOJEODGfK5fbpHqqNEU7xeiru3FiAIF,GSM Perdidos
Bmj_p2VaYGsy-6K9WJLU53TNoq4a0SZwIpOJEODGfK49BPnCb0-_dFBl0BzKZZow,GUILLERMO ARCOS N104
Bmj_p2VaYGsy-6K9WJLU53TNoq4a0SZwIpOJEODGfK4zlX3dzU8SEQXh59gJB3FH,Guillermo Daniel
Bmj_p2VaYGsy-6K9WJLU53TNoq4a0SZwIpOJEODGfK6Aq55bOBX5z2hA0JmGhUpc,Guillermo Gutierrez Rios
Bmj_p2VaYGsy-6K9WJLU53TNoq4a0SZwIpOJEODGfK7G3L_K7H_8OjBz-7aC_ntF,Guillermo Tellez
Bmj_p2VaYGsy-6K9WJLU53TNoq4a0SZwIpOJEODGfK4v__8f4K9IaGRaeMwaQeSw,Herman Backhoff Casa
Bmj_p2VaYGsy-6K9WJLU53TNoq4a0SZwIpOJEODGfK4w7rrOECv7eX6JUKfHvbeg,Homar Olguin
Bmj_p2VaYGsy-6K9WJLU53TNoq4a0SZwIpOJEODGfK7la2VS_w38oGoLzG4dvHlU,Hospitales y Quirófanos
Bmj_p2VaYGsy-6K9WJLU53TNoq4a0SZwIpOJEODGfK5OBvD7RgIFNAW7LCC4vQTL,Hotel Amomoxtli
Bmj_p2VaYGsy-6K9WJLU53TNoq4a0SZwIpOJEODGfK4ZGKS91PtTEWupo97PVyyr,Hotel Hacienda del Angel/Jose Martin Tellez Monroy
Bmj_p2VaYGsy-6K9WJLU53TNoq4a0SZwIpOJEODGfK6W90SXqzhiDLysIxU2WBG1,Huerta Cuernavaca 255
Bmj_p2VaYGsy-6K9WJLU53TNoq4a0SZwIpOJEODGfK67Vg9hrhykNJhvmhXGi6gd,Hugo Franco
Bmj_p2VaYGsy-6K9WJLU53TNoq4a0SZwIpOJEODGfK6IBmfLiDYrCaSkId8iQJSD,HUGO TELLEZ OLMOS 
Bmj_p2VaYGsy-6K9WJLU53TNoq4a0SZwIpOJEODGfK7WjDWRkgjPnjwTSiu2Jk3I,Hugo Zuñiga Flores
Bmj_p2VaYGsy-6K9WJLU53TNoq4a0SZwIpOJEODGfK7As4feHpsuR1Vo-469I_qk,Imelda G. Reyes
Bmj_p2VaYGsy-6K9WJLU53TNoq4a0SZwIpOJEODGfK71FejnvhC29WfnkKlX-sm8,Imelda Mtz. Gtz.
Bmj_p2VaYGsy-6K9WJLU53TNoq4a0SZwIpOJEODGfK6KeMSIZmZEKYLlQJaop-RA,Ing Jorge Meneses Hernández 470W Acapulco
Bmj_p2VaYGsy-6K9WJLU53TNoq4a0SZwIpOJEODGfK4crHKntKMTJnC5p3AnbiJz,Ing. Marquez Ixtapan
Bmj_p2VaYGsy-6K9WJLU53TNoq4a0SZwIpOJEODGfK4eSlQZURLIXSFpub8CeTM2,Ingeniero Marquez
Bmj_p2VaYGsy-6K9WJLU53TNoq4a0SZwIpOJEODGfK7mX2rMvL3fFf8SLCt8ohyM,Ingrid Jacobson V
Bmj_p2VaYGsy-6K9WJLU53TNoq4a0SZwIpOJEODGfK5kNqY8Rjz_tIvZP3upSd4A,inmobiliaria 52-265
Bmj_p2VaYGsy-6K9WJLU53TNoq4a0SZwIpOJEODGfK5LX4N4Lmt1DssM-eUsBV0N,Inmobiliaria Insafe Park View
Bmj_p2VaYGsy-6K9WJLU53TNoq4a0SZwIpOJEODGfK6D_ib1QwvKLKUjj_vfQael,Inmobiliaria lincoln
Bmj_p2VaYGsy-6K9WJLU53TNoq4a0SZwIpOJEODGfK7i2Ofe_fVntnJ5qm4VIS7S,INSTITUTO POLITECNICO NACIONAL 48
Bmj_p2VaYGsy-6K9WJLU53TNoq4a0SZwIpOJEODGfK57IojiEbjvImq8WvIPLOX4,INSTITUTO REGISTRAL Y CATASTRAL
Bmj_p2VaYGsy-6K9WJLU53TNoq4a0SZwIpOJEODGfK5ol_LYw2Cc_C0soO7lltl7,IPN UPIITA 12
Bmj_p2VaYGsy-6K9WJLU53TNoq4a0SZwIpOJEODGfK6PQNGDk-7Q6dPYHZceqby2,IRON MAN/TABAST COMER/JESUS CARRANZA
Bmj_p2VaYGsy-6K9WJLU53TNoq4a0SZwIpOJEODGfK7ppSbsGqa7CvpbxOszJv95,Isaac Edid/Elvira
Bmj_p2VaYGsy-6K9WJLU53TNoq4a0SZwIpOJEODGfK4rsjLRPBvRxyQAqoqSTYiq,Isabel Sierra
Bmj_p2VaYGsy-6K9WJLU53TNoq4a0SZwIpOJEODGfK70lMpFIE9WyL4Zy_KKUAhy,Isela G/M Olivas/Jorge C
Bmj_p2VaYGsy-6K9WJLU53TNoq4a0SZwIpOJEODGfK5FLhcwIZ7USPpnZ-XjT8fQ,IUSA Aragon
Bmj_p2VaYGsy-6K9WJLU53TNoq4a0SZwIpOJEODGfK7Rb0kQUZEbwoS_Qie0CfSu,Iusasol M.INV. Ultima Generación
Bmj_p2VaYGsy-6K9WJLU53TNoq4a0SZwIpOJEODGfK5T2-tmoIvUAe8yVX2Bi_6a,Iusasol Planta
Bmj_p2VaYGsy-6K9WJLU53TNoq4a0SZwIpOJEODGfK4tSKNzkUK_SJqTh5RgNdD1,IUSASOL SERVICIOS
Bmj_p2VaYGsy-6K9WJLU53TNoq4a0SZwIpOJEODGfK535-ht6SwTU0FQTUKjWVyv,J Acuña Casa
Bmj_p2VaYGsy-6K9WJLU53TNoq4a0SZwIpOJEODGfK6_H4LMe9w-FUn2lpLASp3_,Jaime A. López 9 Mod.
Bmj_p2VaYGsy-6K9WJLU53TNoq4a0SZwIpOJEODGfK7mNBK2XYVnzv10y24sVVro,Jaime Gonzales Aguade
Bmj_p2VaYGsy-6K9WJLU53TNoq4a0SZwIpOJEODGfK5bxm2RZSA_Tita0iyVz7dp,Jaime Mario Williars Andrade
Bmj_p2VaYGsy-6K9WJLU53TNoq4a0SZwIpOJEODGfK52KScIeD1_OvgCy3ie031u,Javier Curiel V de Bvo
Bmj_p2VaYGsy-6K9WJLU53TNoq4a0SZwIpOJEODGfK6oS09cOhwu87EjwTgGkwq2,Javier Miguel / Mari
Bmj_p2VaYGsy-6K9WJLU53TNoq4a0SZwIpOJEODGfK5KoWTc1_DTmOLRcWMF_EUT,Javier Vazquez/ Reyes
Bmj_p2VaYGsy-6K9WJLU53TNoq4a0SZwIpOJEODGfK7SKsyfMzLsn5tbGb89MaQ3,Jessy Edid
Bmj_p2VaYGsy-6K9WJLU53TNoq4a0SZwIpOJEODGfK7tjM5kkt1J8hxLKi9TPIY5,Joel Castillo B6
Bmj_p2VaYGsy-6K9WJLU53TNoq4a0SZwIpOJEODGfK7UYRBxP8ObRLZcLlY48bC7,Joel Olvera M185
Bmj_p2VaYGsy-6K9WJLU53TNoq4a0SZwIpOJEODGfK5__uH_D7hqFiXtTdhkTWIO,Jorge Alberto Shaw M
Bmj_p2VaYGsy-6K9WJLU53TNoq4a0SZwIpOJEODGfK5NtG9xGCcJs6eeiL_e7pEM,Jorge Antonio
Bmj_p2VaYGsy-6K9WJLU53TNoq4a0SZwIpOJEODGfK6HmKWsvKHuSOKKbLk30qq1,Jorge Galindo
Bmj_p2VaYGsy-6K9WJLU53TNoq4a0SZwIpOJEODGfK78P0tYHkdtg8iP09Skj_5L,Jorge Meneses/Lopez Sotelo
Bmj_p2VaYGsy-6K9WJLU53TNoq4a0SZwIpOJEODGfK4-lE2E9D4dAZCZdnwB2lMp,Jorge Rueda
Bmj_p2VaYGsy-6K9WJLU53TNoq4a0SZwIpOJEODGfK5lfCywIlTe9QTXIPXDMzO5,José Abel Acuña Bonilla
Bmj_p2VaYGsy-6K9WJLU53TNoq4a0SZwIpOJEODGfK7fzWdubBIKQQIAIE2bVT1H,Jose Aguilar
Bmj_p2VaYGsy-6K9WJLU53TNoq4a0SZwIpOJEODGfK7iSYMOhCfXpW1QnrJaNeup,Jose Alfredo
Bmj_p2VaYGsy-6K9WJLU53TNoq4a0SZwIpOJEODGfK6FqrQ-c6bvXuXLVHAFOnpi,JOSE ANTONIO FIT CITY CLUB
Bmj_p2VaYGsy-6K9WJLU53TNoq4a0SZwIpOJEODGfK6gJMhOq1hPknQlLLiEj_i-,"José de Jesús Hernández Torres 10-325W, 16-545W"
Bmj_p2VaYGsy-6K9WJLU53TNoq4a0SZwIpOJEODGfK6aXDAXXoBhYY9mK6g2UESL,José Félix Hevia Aguiar
Bmj_p2VaYGsy-6K9WJLU53TNoq4a0SZwIpOJEODGfK5GPQod1YTpQ-LloIkFim8y,Jose Francisco de Paula
Bmj_p2VaYGsy-6K9WJLU53TNoq4a0SZwIpOJEODGfK4KEe6czgzU_wcc58OHiEe2,"JOSE GUZMAN GONZALEZ 9-250W, 8-540W"
Bmj_p2VaYGsy-6K9WJLU53TNoq4a0SZwIpOJEODGfK6HnMNWUmKeooZn6CoyUwdI,Jose Luis Acosta P82
Bmj_p2VaYGsy-6K9WJLU53TNoq4a0SZwIpOJEODGfK70Ixsm3UQ4-qYVGUyymd6H,Jose Luis Acosta Q63
Bmj_p2VaYGsy-6K9WJLU53TNoq4a0SZwIpOJEODGfK6nYwpSTWsV5qAmy7WV0yic,Jose Luis Ibarra
Bmj_p2VaYGsy-6K9WJLU53TNoq4a0SZwIpOJEODGfK4uRnOBgm_9YOl8pXCWPSNy,Jose Luis Ochoa
Bmj_p2VaYGsy-6K9WJLU53TNoq4a0SZwIpOJEODGfK5bIJmYKFr8aTGNZmQbLhxZ,Jose Luis Olivera
Bmj_p2VaYGsy-6K9WJLU53TNoq4a0SZwIpOJEODGfK6wTtrVUJBiVpfKa3-LIwvI,Jose Luis Velazquez 250W
Bmj_p2VaYGsy-6K9WJLU53TNoq4a0SZwIpOJEODGfK54XegiU00TLa_QeG-5jguz,Jose Luis/La Esmeralda
Bmj_p2VaYGsy-6K9WJLU53TNoq4a0SZwIpOJEODGfK5zAQTV7Tbn7YsJHafwXHxk,Jose Rafael Ojeda
Bmj_p2VaYGsy-6K9WJLU53TNoq4a0SZwIpOJEODGfK400kprDZdryclRvfpB-64X,JUAN  FRANCISCO VALDEZ
Bmj_p2VaYGsy-6K9WJLU53TNoq4a0SZwIpOJEODGfK7m5-oWPOOtx9F1e_Ix4ILX,Juan Carlos Peralta 84-150W
Bmj_p2VaYGsy-6K9WJLU53TNoq4a0SZwIpOJEODGfK7bE2dDDPiVmiU-JhsO7uRV,Juan Cruz/Abarrotes Cash
Bmj_p2VaYGsy-6K9WJLU53TNoq4a0SZwIpOJEODGfK7XYKJlHldwhDSkbde4nObo,Juan F. Oropeza Sánchez
Bmj_p2VaYGsy-6K9WJLU53TNoq4a0SZwIpOJEODGfK6s0NlXKJCCwwZvUocZFo9s,Juan García/Cristina Calva
Bmj_p2VaYGsy-6K9WJLU53TNoq4a0SZwIpOJEODGfK7sgRdK94Aqx2QRjAN230no,Juan Garfias
Bmj_p2VaYGsy-6K9WJLU53TNoq4a0SZwIpOJEODGfK5jLF0huBpQjVXl_-BnJ2FB,Juan Jose Salinas
Bmj_p2VaYGsy-6K9WJLU53TNoq4a0SZwIpOJEODGfK7vToT2ew5VZh9zVT3Ea3d4,Juan Meza
Bmj_p2VaYGsy-6K9WJLU53TNoq4a0SZwIpOJEODGfK5ddC3aEJbzaaGckwp85XCS,Juan Pablo Urrutia
Bmj_p2VaYGsy-6K9WJLU53TNoq4a0SZwIpOJEODGfK6aEC9r7MlmEJ-NlBRipcdR,Karen Luna
Bmj_p2VaYGsy-6K9WJLU53TNoq4a0SZwIpOJEODGfK6piVHjYI-PUyBDpK_rdtpo,Karina Jauregui/calderon
Bmj_p2VaYGsy-6K9WJLU53TNoq4a0SZwIpOJEODGfK4qwrW2Wydtzjtq0F-0TwPD,Karla Macaria Quintana
Bmj_p2VaYGsy-6K9WJLU53TNoq4a0SZwIpOJEODGfK4ppCo0m1hKmoX4Dw7y5d6a,Laura E Quintanilla
Bmj_p2VaYGsy-6K9WJLU53TNoq4a0SZwIpOJEODGfK70X1eFJ8vdUxesrQMmF8yb,Laura Esther González
Bmj_p2VaYGsy-6K9WJLU53TNoq4a0SZwIpOJEODGfK55WjfWg5oY5P5zwCQPRStm,Legumbres/Juan Manuel Ramos
Bmj_p2VaYGsy-6K9WJLU53TNoq4a0SZwIpOJEODGfK58-tZj5JTGCbV3YPZEuMlp,LEONARDO MARTINEZ ALVAREZ
Bmj_p2VaYGsy-6K9WJLU53TNoq4a0SZwIpOJEODGfK5rx6Xi6vP1qEZ4W-MmR27G,Leslie Fernandez/Hoffmann
Bmj_p2VaYGsy-6K9WJLU53TNoq4a0SZwIpOJEODGfK6xmeu3IEnjARFzSdkZFR2X,Leticia Peralta
Bmj_p2VaYGsy-6K9WJLU53TNoq4a0SZwIpOJEODGfK5UhPhAx0xTL8mIL3vmN77F,"Lezga (8-470W, 10-610W)"
Bmj_p2VaYGsy-6K9WJLU53TNoq4a0SZwIpOJEODGfK4H7XZvLmhsced-pOMZPAH8,lizzy cancino
Bmj_p2VaYGsy-6K9WJLU53TNoq4a0SZwIpOJEODGfK47dy-doms__YCRWhFDVR-3,lola ximena
Bmj_p2VaYGsy-6K9WJLU53TNoq4a0SZwIpOJEODGfK4a5XNpM_oFgJFqt2CeOPLE,Los 3 compadres/Rolando
Bmj_p2VaYGsy-6K9WJLU53TNoq4a0SZwIpOJEODGfK7_b247Cagk6hcKCFWYuaqg,LUCIA APARICIO G
Bmj_p2VaYGsy-6K9WJLU53TNoq4a0SZwIpOJEODGfK5085uEUNrfHzZ6WvWEMHxA,Lucina/hermanos Ponce
Bmj_p2VaYGsy-6K9WJLU53TNoq4a0SZwIpOJEODGfK5nUO9VCj17Hdz-qL5J7mN4,Luis Blanchet
Bmj_p2VaYGsy-6K9WJLU53TNoq4a0SZwIpOJEODGfK5Lai5_VxCshCzVJqY9RZeR,Luis Plata (Harinera)_250W
Bmj_p2VaYGsy-6K9WJLU53TNoq4a0SZwIpOJEODGfK41wRNf5cUGQQY4Q4_XnE6E,Luis R Samano/Linda Valencia
Bmj_p2VaYGsy-6K9WJLU53TNoq4a0SZwIpOJEODGfK5O5QVBRGuzn-z0CvmBb1cf,Luis Raul Samano Ramos
Bmj_p2VaYGsy-6K9WJLU53TNoq4a0SZwIpOJEODGfK4WiTeShksJCAKvmHaRXvvn,Luis Rodriguez A
Bmj_p2VaYGsy-6K9WJLU53TNoq4a0SZwIpOJEODGfK6S9kX48BqipX8uujSSIRcX,Luis Ruben Sandoval Medina
Bmj_p2VaYGsy-6K9WJLU53TNoq4a0SZwIpOJEODGfK4JKUtujJLNt5VgPE0VzwIO,Luz Maria/Jesus 2
Bmj_p2VaYGsy-6K9WJLU53TNoq4a0SZwIpOJEODGfK74eBr_eY1sIn6OD1SLjlKE,MA ELENA / ANGEL
Bmj_p2VaYGsy-6K9WJLU53TNoq4a0SZwIpOJEODGfK6UV2RYy7NwZOGRaCpk6Jr6,Madera Sintetica
Bmj_p2VaYGsy-6K9WJLU53TNoq4a0SZwIpOJEODGfK5P4VvLDku9X2qp3rgwA88F,Mantenimiento electrónico
Bmj_p2VaYGsy-6K9WJLU53TNoq4a0SZwIpOJEODGfK7bDYnsPJk4Zdsu1xlFjUN_,Marco Antonio Alvare
Bmj_p2VaYGsy-6K9WJLU53TNoq4a0SZwIpOJEODGfK55YMzM0ue8cWzQWfX-oq_g,Marco Rodriguez
Bmj_p2VaYGsy-6K9WJLU53TNoq4a0SZwIpOJEODGfK4LLYHeUFcPXUaqqmOaGUoF,Marcos Aguilar
Bmj_p2VaYGsy-6K9WJLU53TNoq4a0SZwIpOJEODGfK5NKk3RPD1fjtp0iNQfzCpz,MARCOS NEUMAN (DIECSA)
Bmj_p2VaYGsy-6K9WJLU53TNoq4a0SZwIpOJEODGfK60PUwelovdhBbMmfMn4Qg4,margarita hernandez
Bmj_p2VaYGsy-6K9WJLU53TNoq4a0SZwIpOJEODGfK5MfoQHmDoBGoB8NOYyRfGd,Maria Cristina Medin/MC Sonora
Bmj_p2VaYGsy-6K9WJLU53TNoq4a0SZwIpOJEODGfK7VRDGuVBJXxKyTVHXjMNe7,MARIA ENRIQUETA
Bmj_p2VaYGsy-6K9WJLU53TNoq4a0SZwIpOJEODGfK6VGikXrnxKi7pzjC_CnQCh,María G. A. Ramírez Pérez
Bmj_p2VaYGsy-6K9WJLU53TNoq4a0SZwIpOJEODGfK5v7tEcC3R7GTZNAwyH9S-f,Maria Isabel Valdez Reyes/Boix Victor 250W
Bmj_p2VaYGsy-6K9WJLU53TNoq4a0SZwIpOJEODGfK7vMhZas2uTIS0Z69fARuoC,MARIA LAURA DEL RIO
Bmj_p2VaYGsy-6K9WJLU53TNoq4a0SZwIpOJEODGfK63HeUqBbNexW209iTBaHOE,Maria Luisa Cienfuegos 5-400w
Bmj_p2VaYGsy-6K9WJLU53TNoq4a0SZwIpOJEODGfK6Zn4s4nBMUGz0YcKeR44HH,Maria Teresa Salado
Bmj_p2VaYGsy-6K9WJLU53TNoq4a0SZwIpOJEODGfK6ok4jOodvYlhD0s-hHP4IV,Maria Victoria/Ricardo Zapata
Bmj_p2VaYGsy-6K9WJLU53TNoq4a0SZwIpOJEODGfK4Svy3OZe3hgyUHeDEY7pGW,Mariana 20 Gen
Bmj_p2VaYGsy-6K9WJLU53TNoq4a0SZwIpOJEODGfK41k5iJeocXnFAXgMDASpRe,Mariana Consultores prof om sc
Bmj_p2VaYGsy-6K9WJLU53TNoq4a0SZwIpOJEODGfK5y2GNMRRCWhQd6sypZ7ZQ1,Marina Servín
Bmj_p2VaYGsy-6K9WJLU53TNoq4a0SZwIpOJEODGfK52Y6oohSBTEdvUY4QshRZ4,Mario A. Maciel
Bmj_p2VaYGsy-6K9WJLU53TNoq4a0SZwIpOJEODGfK4f-8hKCK6qcveRx4Qd1riD,MARIO PLOTNIK 
Bmj_p2VaYGsy-6K9WJLU53TNoq4a0SZwIpOJEODGfK5nssuJDPnTbrHrE0VscWLf,Marlen Gómez
Bmj_p2VaYGsy-6K9WJLU53TNoq4a0SZwIpOJEODGfK6iCeY0P46WdDlEgyE9N5y4,Mary C. Basurto
Bmj_p2VaYGsy-6K9WJLU53TNoq4a0SZwIpOJEODGfK49_D8iPSmQcxqSayxizmS-,Mauricio Jorge Rubio
Bmj_p2VaYGsy-6K9WJLU53TNoq4a0SZwIpOJEODGfK60NC2NW5qRVI3Opvb38JBg,Mauro Flores Medina
Bmj_p2VaYGsy-6K9WJLU53TNoq4a0SZwIpOJEODGfK7wxTPtIQ65JWI3Me2PymL0,MAXISPACE METEPEC
Bmj_p2VaYGsy-6K9WJLU53TNoq4a0SZwIpOJEODGfK5cYTrRqyLDhGHdy9TVYF31,MCM Primera parte
Bmj_p2VaYGsy-6K9WJLU53TNoq4a0SZwIpOJEODGfK7wtveIw9GKOlvXBaCILREg,MCM segunda parte (c osornio)
Bmj_p2VaYGsy-6K9WJLU53TNoq4a0SZwIpOJEODGfK6rLFdZVo-vuOZs1IVydOxE,MEGA 2
Bmj_p2VaYGsy-6K9WJLU53TNoq4a0SZwIpOJEODGfK6ClKQn10S8Ym5V4OyxOffz,MEGA 21
Bmj_p2VaYGsy-6K9WJLU53TNoq4a0SZwIpOJEODGfK6VddDEeQOuuMyuVZ15FeIx,Mercedes Bueno/R Zapata
Bmj_p2VaYGsy-6K9WJLU53TNoq4a0SZwIpOJEODGfK6TpWyProiudCev3260M4KH,Mexiteleferico/Mexicable
Bmj_p2VaYGsy-6K9WJLU53TNoq4a0SZwIpOJEODGfK4BlqS1No29Ash3SvGFvY0K,MIGUEL ANGEL CASTILLO
Bmj_p2VaYGsy-6K9WJLU53TNoq4a0SZwIpOJEODGfK6KCPFcKqR2Kqpq2TLMWpoh,Miriam najera 
Bmj_p2VaYGsy-6K9WJLU53TNoq4a0SZwIpOJEODGfK41xqDxT8sSMOECtywFNt8c,Modesto Salinas
Bmj_p2VaYGsy-6K9WJLU53TNoq4a0SZwIpOJEODGfK70zkL-zHCqZs5zVwoUtuRl,Moisés Edid
Bmj_p2VaYGsy-6K9WJLU53TNoq4a0SZwIpOJEODGfK5-emS1lq_69F2JdLMQpQoe,Mónica Riaño (Hotel Santa Luisa)
Bmj_p2VaYGsy-6K9WJLU53TNoq4a0SZwIpOJEODGfK6MkUhL3xgJOBSTGJvqA5RZ,Montserrat de la Pascua 
Bmj_p2VaYGsy-6K9WJLU53TNoq4a0SZwIpOJEODGfK7sHehcTyOiKhgZMeYh7cBc,Municipio BJ gym Tlaxcal
Bmj_p2VaYGsy-6K9WJLU53TNoq4a0SZwIpOJEODGfK5_cFlqcJ1FANjsi4zKTTEN,OFICINA FISCAL
Bmj_p2VaYGsy-6K9WJLU53TNoq4a0SZwIpOJEODGfK493Lb4hMGuAfr9SwiORGeZ,OFICINAS REGISTRO CIVIL
Bmj_p2VaYGsy-6K9WJLU53TNoq4a0SZwIpOJEODGfK6LX2uZdaozKzUg6uJbeMPl,Oliver Fernadez
Bmj_p2VaYGsy-6K9WJLU53TNoq4a0SZwIpOJEODGfK4mPvCuzsruX8ZVW31rIA-G,Oliver Fernández Acapulco
Bmj_p2VaYGsy-6K9WJLU53TNoq4a0SZwIpOJEODGfK4WBUxi2gmxhxucBL7QwT_r,Olivia Paneles
Bmj_p2VaYGsy-6K9WJLU53TNoq4a0SZwIpOJEODGfK6ZpkXt6xyE64CZdOvMiANt,Oscar Garduño/Guadalupe Chavez Tellez
Bmj_p2VaYGsy-6K9WJLU53TNoq4a0SZwIpOJEODGfK6eagxHzXDmCXU73qA9TcbN,Pablo Peralta
Bmj_p2VaYGsy-6K9WJLU53TNoq4a0SZwIpOJEODGfK77zCRVTAAERs59VfTVf0BG,Panificadora San Rafael
Bmj_p2VaYGsy-6K9WJLU53TNoq4a0SZwIpOJEODGfK6YZmq6orWOU4q8CBHyINwv,Pastrana
Bmj_p2VaYGsy-6K9WJLU53TNoq4a0SZwIpOJEODGfK6b2DVPltOztm8aFTwPKhR-,Patricia de la Torre
Bmj_p2VaYGsy-6K9WJLU53TNoq4a0SZwIpOJEODGfK5Ug9joMnRJSWthTjxwdCKr,Patricia Treviño
Bmj_p2VaYGsy-6K9WJLU53TNoq4a0SZwIpOJEODGfK5fP4TOlt1lzn2RZEXBgPi3,Pedro Haces/TLP MIDTOWN/EMM BOMBEO64-400W
Bmj_p2VaYGsy-6K9WJLU53TNoq4a0SZwIpOJEODGfK4y2vEVv3zPJZ6rASsmO71C,Pollo Feliz Contabilidad
Bmj_p2VaYGsy-6K9WJLU53TNoq4a0SZwIpOJEODGfK4EIcqdcm54QQAy6fs7cqyI,Pollo Feliz Oficinas
Bmj_p2VaYGsy-6K9WJLU53TNoq4a0SZwIpOJEODGfK69JTMr_IYZp1307f7ggsEc,Pollo Feliz R.H.
Bmj_p2VaYGsy-6K9WJLU53TNoq4a0SZwIpOJEODGfK5NKpAc66Imx9cYIKZCW4vu,Pollo Feliz Restaurant
Bmj_p2VaYGsy-6K9WJLU53TNoq4a0SZwIpOJEODGfK7UdWbxM7Hh45N4jjGgWRZQ,POLYFORUM
Bmj_p2VaYGsy-6K9WJLU53TNoq4a0SZwIpOJEODGfK4gFn1fwlcVY7hFP4wMJKgd,Porfirio Diaz V54
Bmj_p2VaYGsy-6K9WJLU53TNoq4a0SZwIpOJEODGfK4YBUSID2iZxz9Wfd5odtRg,PROMEZAS CALAKMUL
Bmj_p2VaYGsy-6K9WJLU53TNoq4a0SZwIpOJEODGfK63clsFT1R__w6-f2gzqgbO,PROMEZAS DZIBANCHE
Bmj_p2VaYGsy-6K9WJLU53TNoq4a0SZwIpOJEODGfK6-EEQgQNY_phQtwVRLkqg_,Promezas Ichkabal
Bmj_p2VaYGsy-6K9WJLU53TNoq4a0SZwIpOJEODGfK6FweXq9fIoFz-jmQzyenHy,PROMEZAS KOHUNLICH
Bmj_p2VaYGsy-6K9WJLU53TNoq4a0SZwIpOJEODGfK5jCEeKJLYcYkcklk1gwvi6,Prueba Conexión GSM
Bmj_p2VaYGsy-6K9WJLU53TNoq4a0SZwIpOJEODGfK5o5EgGSsV76noKqO13926L,Puerta del Sol / Martha
Bmj_p2VaYGsy-6K9WJLU53TNoq4a0SZwIpOJEODGfK5FM7srFLtDNCkSt7g-szOS,Rafael Tovar
Bmj_p2VaYGsy-6K9WJLU53TNoq4a0SZwIpOJEODGfK4ZTyi7KejSBDUB3x5KNV6l,Raúl Humberto Ferraez
Bmj_p2VaYGsy-6K9WJLU53TNoq4a0SZwIpOJEODGfK6oz1wYQAm6rqwHbhJyNfDu,Raúl Salinas 22 y 32 Mod.
Bmj_p2VaYGsy-6K9WJLU53TNoq4a0SZwIpOJEODGfK47-U_RDJZ-DTBrYEKN3w5q,Raúl Salinas 42 Mod.
Bmj_p2VaYGsy-6K9WJLU53TNoq4a0SZwIpOJEODGfK7lQqe8uKLbqtfQYCCSwENu,Raúl Salinas 78 Mod.
Bmj_p2VaYGsy-6K9WJLU53TNoq4a0SZwIpOJEODGfK5OcdKCCdyNqIwJL8FoD_5K,Raúl Salinas Bomba
Bmj_p2VaYGsy-6K9WJLU53TNoq4a0SZwIpOJEODGfK6oI8mKaQxMOrxoY0jDVe-1,Rebeca Hernández Vieyra
Bmj_p2VaYGsy-6K9WJLU53TNoq4a0SZwIpOJEODGfK6kLq_00oYe6KLpth9kZ6Ba,RECINTO FERIAL
Bmj_p2VaYGsy-6K9WJLU53TNoq4a0SZwIpOJEODGfK6nlu5jfOEachRcI953vvP7,Rene Quiroz
Bmj_p2VaYGsy-6K9WJLU53TNoq4a0SZwIpOJEODGfK4VeMUjOLO52-mFQDuPu_Ll,René Tort
Bmj_p2VaYGsy-6K9WJLU53TNoq4a0SZwIpOJEODGfK5lyJ3k2tKtogaYM5wZmVfF,René Tort
Bmj_p2VaYGsy-6K9WJLU53TNoq4a0SZwIpOJEODGfK6EJYGQEfJr7owqg9GxWD9-,Representaciones y Suministros Industriales ALSA S.A. DE C.V.
Bmj_p2VaYGsy-6K9WJLU53TNoq4a0SZwIpOJEODGfK7pnOnGCCU2vc5jVJ6o3_wd,Ricardo Aleman/La Morada
Bmj_p2VaYGsy-6K9WJLU53TNoq4a0SZwIpOJEODGfK7JxEwu67NN7CIJ2xQnSDsL,Ricardo Curiel Lopez
Bmj_p2VaYGsy-6K9WJLU53TNoq4a0SZwIpOJEODGfK4C2z9qu1deRjJiv2QR57sc,Ricardo Zapata Polanco 12 Modulos
Bmj_p2VaYGsy-6K9WJLU53TNoq4a0SZwIpOJEODGfK5rrjXzV66SHVWzmqxNNvIR,Ricardo Zapata Polanco 8 Modulos
Bmj_p2VaYGsy-6K9WJLU53TNoq4a0SZwIpOJEODGfK44Qs0borfb2263isTl3GGW,ROBERTO LARA/IRENE SOTO
Bmj_p2VaYGsy-6K9WJLU53TNoq4a0SZwIpOJEODGfK4WA0oZuYK5hqCnLkNGqluX,Rodolfo bautista/Diagnostico A
Bmj_p2VaYGsy-6K9WJLU53TNoq4a0SZwIpOJEODGfK66Halxmhhht4rdvEDjkcbx,ROSA FRAGOSO
Bmj_p2VaYGsy-6K9WJLU53TNoq4a0SZwIpOJEODGfK7RXrARFkcNX9ZpcDaypMux,Rosa M Varela Barragán/Fritz Cuernavaca #9
Bmj_p2VaYGsy-6K9WJLU53TNoq4a0SZwIpOJEODGfK5nLgl8pAGrYLcLVLjoK95Y,Rosa M Varela/Fritz Casa 10
Bmj_p2VaYGsy-6K9WJLU53TNoq4a0SZwIpOJEODGfK4YREEgvYR3Bqfns13Iz-c-,Rosa Ortega Lagunas
Bmj_p2VaYGsy-6K9WJLU53TNoq4a0SZwIpOJEODGfK4c80ZQ5LcxmtK_FntyICR-,Rubén López Hidalgo
Bmj_p2VaYGsy-6K9WJLU53TNoq4a0SZwIpOJEODGfK4nXMtkalDnACghIGJVrNoG,Ruben Yesin
Bmj_p2VaYGsy-6K9WJLU53TNoq4a0SZwIpOJEODGfK57-hqCX1vBRwd6jLBKQf5Z,Salomon Bernal M143
Bmj_p2VaYGsy-6K9WJLU53TNoq4a0SZwIpOJEODGfK4JrGuUSRl9_SWAsY0RxNMa,Salomon Fajer 11-360W
Bmj_p2VaYGsy-6K9WJLU53TNoq4a0SZwIpOJEODGfK7BjMkkMh-FvksSzWyqddI0,Salsa Conseptos/Cristobal Salinas/InmoPA
Bmj_p2VaYGsy-6K9WJLU53TNoq4a0SZwIpOJEODGfK6wesm-ZSCMAXbs3BCUTzFS,Salvador Cienfuegos
Bmj_p2VaYGsy-6K9WJLU53TNoq4a0SZwIpOJEODGfK6oPYLiEb4Pgfy5XpT55zb8,Salvador G Musconi / Baluarte
Bmj_p2VaYGsy-6K9WJLU53TNoq4a0SZwIpOJEODGfK54gUbZ10GsSm09vNGGYc5X,Salvador Neme
Bmj_p2VaYGsy-6K9WJLU53TNoq4a0SZwIpOJEODGfK5gJkkyBiQnPRxN0KVrThDI,Sergio Rodriguez M
Bmj_p2VaYGsy-6K9WJLU53TNoq4a0SZwIpOJEODGfK4qf-oG3jMEK1SO6t0AqAyz,"SFV 50 Modulos CP Jaime Camil Garza/ 10-485, 40-485W"
Bmj_p2VaYGsy-6K9WJLU53TNoq4a0SZwIpOJEODGfK5lnxtAhv_0T1y3ajultXum,Sheila Peon
Bmj_p2VaYGsy-6K9WJLU53TNoq4a0SZwIpOJEODGfK4RiQwMRFDh_P9tEXULx756,Silvia Martínez Molina/GEMA
Bmj_p2VaYGsy-6K9WJLU53TNoq4a0SZwIpOJEODGfK4vZyw-w9-TI5AJMCp9UNUs,Simon Cohen Hamui
Bmj_p2VaYGsy-6K9WJLU53TNoq4a0SZwIpOJEODGfK6zTD5ZJrHsRl3Sh3BMJ5sf,Subelmont 31-360W
Bmj_p2VaYGsy-6K9WJLU53TNoq4a0SZwIpOJEODGfK5zLMEMaGjM5_lm7zCz46jt,SUBESTACION 115 - UNO
Bmj_p2VaYGsy-6K9WJLU53TNoq4a0SZwIpOJEODGfK40Tx63m0PiMqA-78SxQCtc,T DE DESC DE LA CEN
Bmj_p2VaYGsy-6K9WJLU53TNoq4a0SZwIpOJEODGfK6ah9iNGTrz4xZFiUPYMMfX,T1222 PIE DE LA CUESTA
Bmj_p2VaYGsy-6K9WJLU53TNoq4a0SZwIpOJEODGfK4sSBa-eZMTwyd8SI74ssgz,T180 OBELISCO
Bmj_p2VaYGsy-6K9WJLU53TNoq4a0SZwIpOJEODGfK6t3asL4ma5FEQF4pqS6k5b,T211 PROGRESO
Bmj_p2VaYGsy-6K9WJLU53TNoq4a0SZwIpOJEODGfK52LDEM_wQ4mIhd-cql47yI,T233 CIMATARIO
Bmj_p2VaYGsy-6K9WJLU53TNoq4a0SZwIpOJEODGfK52-Ly6tjx8Uyg_IczjVZAQ,T268 TULUM
Bmj_p2VaYGsy-6K9WJLU53TNoq4a0SZwIpOJEODGfK62qXvrvz5Fqc9hhZ5O3bLj,T32 SAHUARO
Bmj_p2VaYGsy-6K9WJLU53TNoq4a0SZwIpOJEODGfK4fWx3htv4TFqgldfK9HiuI,T92 ZACATECAS
Bmj_p2VaYGsy-6K9WJLU53TNoq4a0SZwIpOJEODGfK4AUZy5SSUcqRdmlkN6pxp_,TCQPGeneral
Bmj_p2VaYGsy-6K9WJLU53TNoq4a0SZwIpOJEODGfK4Sca-uuT7u5qEGgdxdtvxG,Templo Parroquial Acambay
Bmj_p2VaYGsy-6K9WJLU53TNoq4a0SZwIpOJEODGfK6z8CXAvo9T29WFXtPQM8qE,Teniente Alanis
Bmj_p2VaYGsy-6K9WJLU53TNoq4a0SZwIpOJEODGfK6cj99R84vLcGUL32LThF6v,Testigo CPQ
Bmj_p2VaYGsy-6K9WJLU53TNoq4a0SZwIpOJEODGfK7Lqz7kk1YnbefZYIn9EZ62,Tomas Gutiérrez
Bmj_p2VaYGsy-6K9WJLU53TNoq4a0SZwIpOJEODGfK5VBJGdH7QXxMILsIBarZUD,Tony Duek
Bmj_p2VaYGsy-6K9WJLU53TNoq4a0SZwIpOJEODGfK4s-6dHyPFXh_mXx-umVb7x,TORRE BICENTENARIO
Bmj_p2VaYGsy-6K9WJLU53TNoq4a0SZwIpOJEODGfK5qjdBu_f0i8hTkTKAHT3-U,Tort
Bmj_p2VaYGsy-6K9WJLU53TNoq4a0SZwIpOJEODGfK6v5uDOV7bZkxG-nOrsqPJm,Tren Maya Xpujil
Bmj_p2VaYGsy-6K9WJLU53TNoq4a0SZwIpOJEODGfK5WJqS085q6KVqx_tj8mLKt,TRINIDAD ANGEL CARDIEL
Bmj_p2VaYGsy-6K9WJLU53TNoq4a0SZwIpOJEODGfK5mv9C54dCLbn_YRiJaoE0d,Uncofyl
Bmj_p2VaYGsy-6K9WJLU53TNoq4a0SZwIpOJEODGfK4lh4kHxJJt68fw_kTuuW7Z,UNDEFINED AVEMEX
Bmj_p2VaYGsy-6K9WJLU53TNoq4a0SZwIpOJEODGfK78kONlLTYNdhVgb_q970VP,Unzueta
Bmj_p2VaYGsy-6K9WJLU53TNoq4a0SZwIpOJEODGfK7P_bjCX8-YoFHRkmc0lZEg,Ursula Otegui Liñero
Bmj_p2VaYGsy-6K9WJLU53TNoq4a0SZwIpOJEODGfK7QbOqw9pdMI0q5l04rOoH2,Valeria Azcarraga
Bmj_p2VaYGsy-6K9WJLU53TNoq4a0SZwIpOJEODGfK7aNsk4cs3NYrTcYTCv7dMG,Verif. Pantitlan
Bmj_p2VaYGsy-6K9WJLU53TNoq4a0SZwIpOJEODGfK7xkuPzrVcRRegw1UFIkfE5,Verifica Centenario
Bmj_p2VaYGsy-6K9WJLU53TNoq4a0SZwIpOJEODGfK5_0ph46NBkxoeZ-PYPXP-Q,Verificentro Ajusco
Bmj_p2VaYGsy-6K9WJLU53TNoq4a0SZwIpOJEODGfK5jXA5lPPX3VWZ3WIlV5w5w,Verificentro Atzacoalco
Bmj_p2VaYGsy-6K9WJLU53TNoq4a0SZwIpOJEODGfK6ULuHzcXAsy0zUYsvAWEcc,Verificentro Siglo XXI
Bmj_p2VaYGsy-6K9WJLU53TNoq4a0SZwIpOJEODGfK6EeXmqBh4wO09Nj5yebxGo,Verificentro Transval
Bmj_p2VaYGsy-6K9WJLU53TNoq4a0SZwIpOJEODGfK7Gf5hLxUdbmsRaFul6o4cq,Verificentro Xochimilco
Bmj_p2VaYGsy-6K9WJLU53TNoq4a0SZwIpOJEODGfK4-BvF6mOGIxzORS5u23Y-y,Victor Hugo Flor Sor
Bmj_p2VaYGsy-6K9WJLU53TNoq4a0SZwIpOJEODGfK6CxQOSIQVV18VrrqZeXucH,Victor Manuel R Saad
Bmj_p2VaYGsy-6K9WJLU53TNoq4a0SZwIpOJEODGfK6VLRAdR5dxPSI9-mMnZ6tN,Víctor Velázquez
Bmj_p2VaYGsy-6K9WJLU53TNoq4a0SZwIpOJEODGfK6b1qJyjfTLALmu5WBiVoeR,villavicencio
Bmj_p2VaYGsy-6K9WJLU53TNoq4a0SZwIpOJEODGfK5tvQ7vE-j61r8qiuGbhzLR,Vitrales Metepec Salon
Bmj_p2VaYGsy-6K9WJLU53TNoq4a0SZwIpOJEODGfK4DJw1om2Z9IkODdfRa-IIp,William Fritz
Bmj_p2VaYGsy-6K9WJLU53TNoq4a0SZwIpOJEODGfK5EiTwqox3DVfNdMtpB8zI-,Xavier hernandez 6 de 545W
Bmj_p2VaYGsy-6K9WJLU53TNoq4a0SZwIpOJEODGfK6HqODgencwwySo0yrHo33M,Xavier Lopez
